id,channel_name,is_signal,signal_type,sentiment_type,found_namads_string,views,forwards,published_at
256,https://t.me/grouprezabourse,0,,,,0,0,4/17/2022 07:59
768,https://t.me/asiasarmayeh,0,,negative,بورس,146,0,11/9/2021 13:04
1024,sahamyab,1,buy,,خودرو,160,0,6/21/2022 19:33
1280,sahamyab,1,,,,285,0,5/7/2022 19:18
257,https://t.me/grouprezabourse,0,,,,0,0,4/17/2022 07:59
513,https://t.me/Codal360_ir,0,,,,4538,0,6/28/2022 09:44
769,https://t.me/asiasarmayeh,0,,negative,"بورس، خودرو",128,0,11/9/2021 13:03
1025,sahamyab,1,buy,,حفارس,158,0,6/21/2022 19:30
1281,sahamyab,1,buy,,وبملت,275,0,5/7/2022 18:53
1537,topsignalexchange,0,,,,2398,0,5/14/2022 06:11
2,https://t.me/snipersahamyab,1,buy,positive,غنوش,84,0,4/17/2022 09:29
258,https://t.me/grouprezabourse,0,,,,0,0,4/17/2022 07:59
1026,sahamyab,1,buy,,بورس,152,0,6/22/2022 04:08
1538,topsignalexchange,0,,,,2343,0,5/14/2022 06:11
3,https://t.me/snipersahamyab,1,buy,positive,ختور,84,0,4/17/2022 09:11
259,https://t.me/grouprezabourse,0,,negative,بورس,0,0,4/17/2022 07:59
771,https://t.me/asiasarmayeh,0,,negative,بورس,70,0,11/9/2021 13:00
1027,sahamyab,0,,,,173,0,6/21/2022 12:40
1539,topsignalexchange,0,,,قشرین,2308,0,5/14/2022 05:09
4,https://t.me/snipersahamyab,1,buy,,,98,0,4/17/2022 07:59
772,https://t.me/asiasarmayeh,0,,negative,بورس,66,0,11/9/2021 12:59
1540,topsignalexchange,1,buy,,,2235,0,5/14/2022 05:07
5,https://t.me/snipersahamyab,0,,neutral,ختور,93,0,4/17/2022 07:58
261,https://t.me/grouprezabourse,0,,,,0,0,4/17/2022 07:58
773,https://t.me/asiasarmayeh,0,,negative,"بورس، خودرو، ما، ملت",59,0,11/9/2021 12:59
1029,sahamyab,0,,,,179,0,6/21/2022 06:35
1285,topsignalexchange,1,buy,,ثفارس,1676,0,6/22/2022 04:27
1541,vipmosbat5,0,,,,999,0,6/21/2022 07:02
6,https://t.me/snipersahamyab,0,,positive,غنوش,83,0,4/17/2022 07:56
774,https://t.me/asiasarmayeh,0,,negative,بورس,68,0,11/9/2021 12:59
1030,sahamyab,0,,,,172,0,6/21/2022 06:11
1286,topsignalexchange,1,buy,,فمراد,1617,0,6/22/2022 04:27
1542,vipmosbat5,0,,,مداران,941,0,6/21/2022 06:31
263,https://t.me/grouprezabourse,0,,,,0,0,4/17/2022 07:57
775,https://t.me/asiasarmayeh,0,,negative,بورس,77,0,11/9/2021 06:55
1031,sahamyab,1,sell,,غنوش,176,0,6/21/2022 04:14
1287,topsignalexchange,0,,,,1557,0,6/22/2022 04:27
1543,vipmosbat5,1,,,جم ,1199,0,6/18/2022 07:01
776,https://t.me/asiasarmayeh,0,,negative,"بورس، ما",78,0,11/9/2021 06:14
1032,sahamyab,1,buy,,غنوش,181,0,6/21/2022 04:08
265,https://t.me/grouprezabourse,0,,,,0,0,4/17/2022 07:57
777,https://t.me/asiasarmayeh,0,,positive,"بورس، ما",64,0,11/9/2021 06:14
1545,vipmosbat5,0,,,,801,0,6/18/2022 05:12
10,https://t.me/snipersahamyab,0,,,,162,0,4/16/2022 04:43
522,https://t.me/Codal360_ir,0,,,,4541,0,6/28/2022 09:34
1290,topsignalexchange,1,buy,,,1616,0,6/21/2022 15:20
1546,vipmosbat5,1,,,,808,0,6/18/2022 05:07
523,https://t.me/Codal360_ir,0,,neutral,دارو,4542,0,6/28/2022 09:34
1291,topsignalexchange,0,,,فمراد,1619,0,6/21/2022 15:20
1292,topsignalexchange,0,,,ثفارس,1660,0,6/21/2022 15:16
1549,vipmosbat5,0,,,,741,0,6/23/2022 06:32
526,https://t.me/Codal360_ir,0,,neutral,"خزر، سخزر",4846,0,6/28/2022 09:28
1038,sahamyab,0,,,بورس,200,0,6/18/2022 19:50
1550,vipmosbat5,0,,,خودرو,648,0,6/23/2022 06:12
15,https://t.me/snipersahamyab,1,buy,neutral,"خاور، ختور، غنوش، ما",158,0,4/15/2022 19:05
783,https://t.me/asiasarmayeh,0,,neutral,پرداخت,66,0,11/9/2021 06:08
1551,vipmosbat5,0,,,,659,0,6/23/2022 06:07
16,https://t.me/snipersahamyab,0,,neutral,غنوش,143,0,4/15/2022 19:01
784,https://t.me/asiasarmayeh,0,,,,76,0,11/9/2021 05:32
1040,sahamyab,1,buy,,ونوین,190,0,6/18/2022 19:21
1042,sahamyab,1,buy,,ونوین,177,0,6/18/2022 19:19
1298,topsignalexchange,1,,,,3213,0,6/15/2022 04:28
19,https://t.me/snipersahamyab,1,buy,positive,ختور,163,0,4/15/2022 07:32
531,https://t.me/Codal360_ir,1,sell,negative,زرنام,5757,0,6/28/2022 09:08
787,https://t.me/asiasarmayeh,0,,positive,فارس,94,0,11/8/2021 17:46
1043,sahamyab,0,,,,174,0,6/18/2022 19:05
1299,topsignalexchange,1,buy,,غدشت,2953,0,6/15/2022 04:26
1555,vipmosbat5,1,buy,,,943,0,6/22/2022 06:24
20,https://t.me/snipersahamyab,0,,neutral,بورس,252,0,4/13/2022 16:13
276,https://t.me/grouprezabourse,0,,neutral,ختور,0,0,4/17/2022 07:55
788,https://t.me/asiasarmayeh,0,,negative,خودرو,81,0,11/8/2021 17:45
1044,sahamyab,1,buy,,وساپا,203,0,6/15/2022 08:07
1556,vipmosbat5,1,buy,,امید,925,0,6/22/2022 06:23
789,https://t.me/asiasarmayeh,0,,,,70,0,11/8/2021 17:44
1045,sahamyab,0,,,بورس,210,0,6/12/2022 08:47
278,https://t.me/grouprezabourse,1,buy,neutral,همراه,832,0,4/17/2022 07:30
534,https://t.me/Codal360_ir,1,buy,positive,پارس,5759,0,6/28/2022 08:54
1046,sahamyab,0,,,,174,0,6/18/2022 19:01
1558,vipmosbat5,0,,,,1120,0,6/19/2022 04:10
279,https://t.me/grouprezabourse,1,buy,neutral,خودرو,0,0,4/17/2022 07:30
791,https://t.me/asiasarmayeh,0,,neutral,"بورس، ما",58,0,11/8/2021 17:44
1047,sahamyab,1,buy,,شوینده,174,0,6/18/2022 18:29
1303,topsignalexchange,1,buy,,خزامیا,2230,0,6/14/2022 06:01
1559,vipmosbat5,0,,,خودرو,751,0,6/23/2022 06:15
24,https://t.me/snipersahamyab,1,buy,positive,"غنوش، مدار",282,0,4/12/2022 15:28
280,https://t.me/grouprezabourse,0,,neutral,ختور,0,0,4/17/2022 07:25
1049,sahamyab,1,buy,,خودرو,184,0,6/18/2022 09:45
1305,topsignalexchange,0,,,,2171,0,6/14/2022 05:13
1561,vipmosbat5,0,,,امید,666,0,6/23/2022 06:07
1050,sahamyab,0,,,,184,0,6/18/2022 08:28
1306,topsignalexchange,1,,,خودرو,2173,0,6/14/2022 05:12
1562,vipmosbat5,1,sell,,ملت,943,0,6/22/2022 06:51
27,https://t.me/snipersahamyab,1,buy,positive,غنوش,321,0,4/11/2022 04:50
283,https://t.me/grouprezabourse,1,buy,positive,خودرو,0,0,4/17/2022 07:16
1051,sahamyab,0,,,غنوش,187,0,6/18/2022 07:29
1563,vipmosbat5,0,,,,949,0,6/22/2022 06:47
284,https://t.me/grouprezabourse,0,,neutral,فپنتا,0,0,4/17/2022 07:15
796,https://t.me/asiasarmayeh,0,,,,55,0,11/8/2021 17:35
1052,sahamyab,1,buy,,غنوش,167,0,6/18/2022 07:19
1308,topsignalexchange,0,,,سنیر,2237,0,6/14/2022 04:43
29,https://t.me/snipersahamyab,1,buy,positive,غنوش,272,0,4/10/2022 19:01
1053,sahamyab,1,,,شفا,159,0,6/18/2022 07:09
1309,topsignalexchange,1,buy,,سنیر,2239,0,6/14/2022 04:38
1565,vipmosbat5,0,,,,1075,0,6/19/2022 04:08
30,https://t.me/snipersahamyab,1,buy,positive,ختور,257,0,4/10/2022 18:58
286,https://t.me/grouprezabourse,0,,neutral,ورنا,0,0,4/17/2022 07:15
1054,sahamyab,0,,,غنوش,153,0,6/18/2022 07:07
1566,vipmosbat5,0,,,مداران,899,0,6/21/2022 05:54
1055,sahamyab,0,,,,155,0,6/18/2022 06:59
1567,vipmosbat5,0,,,جم ,920,0,6/21/2022 04:41
1568,vipmosbat5,1,,,مداران,1045,0,6/21/2022 04:34
33,https://t.me/snipersahamyab,0,,neutral,"خساپا، خگستر، خودرو، شپنا، شستا، وبصادر، وبملت، وتجارت",266,0,4/10/2022 10:00
801,https://t.me/NoavaranAmin,1,buy,positive,فارس,72,0,6/28/2022 12:18
1313,topsignalexchange,0,,,,2381,0,6/12/2022 08:00
1569,vipmosbat5,1,,,مداران,1041,0,6/21/2022 04:19
34,https://t.me/snipersahamyab,1,buy,positive,غنوش,278,0,4/10/2022 07:32
546,https://t.me/Codal360_ir,1,buy,positive,بورس,6355,0,6/28/2022 08:19
1314,topsignalexchange,1,buy,,,2345,0,6/12/2022 07:06
1570,vipmosbat5,0,,,,1024,0,6/21/2022 04:17
35,https://t.me/snipersahamyab,1,buy,positive,غنوش,308,0,4/9/2022 19:07
803,https://t.me/NoavaranAmin,1,buy,positive,دارو,110,0,6/28/2022 12:08
1315,topsignalexchange,1,sell,,,2294,0,6/12/2022 06:59
1571,vipmosbat5,1,,,,1182,0,6/20/2022 07:34
36,https://t.me/snipersahamyab,0,,neutral,ختور,292,0,4/9/2022 18:57
292,https://t.me/grouprezabourse,0,,positive,بالبر,0,0,4/17/2022 06:54
1316,topsignalexchange,1,buy,,سنیر,2301,0,6/12/2022 06:22
1572,vipmosbat5,1,buy,,,1154,0,6/20/2022 07:20
37,https://t.me/snipersahamyab,1,buy,positive,ما,269,0,4/9/2022 18:53
1317,topsignalexchange,1,sell,,خودرو,2234,0,6/12/2022 06:17
1318,topsignalexchange,1,,,,2253,0,6/12/2022 05:51
1575,vipmosbat5,1,buy,,,1127,0,6/20/2022 04:58
1320,topsignalexchange,0,,,,2197,0,6/12/2022 05:15
1576,vipmosbat5,1,,,جم ,1129,0,6/20/2022 04:56
41,https://t.me/snipersahamyab,0,,neutral,"ختور، غنوش",339,0,4/9/2022 08:59
297,https://t.me/grouprezabourse,0,,neutral,ختور,0,0,4/17/2022 06:48
553,https://t.me/Codal360_ir,0,,neutral,بورس,5745,0,6/28/2022 08:08
1065,sahamyab,1,buy,,غنوش,188,0,6/15/2022 08:05
1577,vipmosbat5,0,,,,1096,0,6/20/2022 04:55
42,https://t.me/snipersahamyab,1,buy,positive,خاور,360,0,4/9/2022 07:13
554,https://t.me/Codal360_ir,1,buy,positive,دجابر,6052,0,6/28/2022 08:04
1066,sahamyab,0,,,,182,0,6/15/2022 07:29
1578,vipmosbat5,1,buy,,,1052,0,6/20/2022 04:53
555,https://t.me/Codal360_ir,1,buy,positive,فولاد,5748,0,6/28/2022 08:03
1067,sahamyab,0,,,,179,0,6/15/2022 05:43
1579,vipmosbat5,0,,,,1188,0,6/19/2022 07:38
44,https://t.me/snipersahamyab,1,buy,,,403,0,4/9/2022 07:05
556,https://t.me/Codal360_ir,0,,,,5147,0,6/28/2022 08:01
1068,sahamyab,1,buy,,خاور,180,0,6/15/2022 05:04
1324,topsignalexchange,1,sell,,,2186,0,6/12/2022 04:57
1580,vipmosbat5,1,buy,,,1163,0,6/19/2022 07:34
813,https://t.me/NoavaranAmin,1,buy,positive,دفارا,188,0,6/28/2022 11:23
1069,sahamyab,1,buy,,خاور,180,0,6/15/2022 05:02
1581,vipmosbat5,1,buy,,,986,0,6/19/2022 07:32
814,https://t.me/NoavaranAmin,1,buy,positive,خزر,207,0,6/28/2022 11:18
1070,sahamyab,0,,,خودرو,190,0,6/15/2022 04:15
1326,topsignalexchange,0,,,وآذر,2337,0,6/11/2022 05:57
1582,vipmosbat5,0,,,,917,0,6/19/2022 06:29
47,https://t.me/snipersahamyab,1,buy,positive,غنوش,405,0,4/9/2022 06:29
815,https://t.me/NoavaranAmin,1,buy,positive,غگل,241,0,6/28/2022 11:08
1583,vipmosbat5,0,,,,944,0,6/19/2022 06:20
1328,topsignalexchange,1,sell,,سنیر,2350,0,6/11/2022 05:07
1584,vipmosbat5,0,,,,945,0,6/19/2022 06:16
1073,sahamyab,0,,,فولاد,187,0,6/14/2022 15:38
1329,topsignalexchange,1,buy,,,2340,0,6/11/2022 05:07
1585,vipmosbat5,0,,,,1041,0,6/19/2022 04:28
1074,sahamyab,0,,,خودرو,192,0,6/14/2022 15:38
1330,topsignalexchange,1,,,نمرینو,2315,0,6/11/2022 04:54
1586,vipmosbat5,1,sell,,,1090,0,6/19/2022 04:18
51,https://t.me/snipersahamyab,0,,positive,ختور,1252,0,4/6/2022 19:44
1331,topsignalexchange,1,,,غشهد,2318,0,6/11/2022 04:52
1587,vipmosbat5,0,,,امید,1119,0,6/19/2022 04:16
1076,sahamyab,0,,,,214,0,6/14/2022 08:19
1332,topsignalexchange,1,buy,,خنصیر,2365,0,6/11/2022 03:56
1588,vipmosbat5,0,,,مداران,985,0,6/19/2022 06:56
53,https://t.me/snipersahamyab,1,buy,positive,ما,1227,0,4/6/2022 19:15
309,https://t.me/signalle_bartare_bours,0,,positive,"بورس، ما",3591,0,4/12/2022 06:15
1077,sahamyab,1,buy,,وساپا,239,0,6/13/2022 10:17
1333,topsignalexchange,0,,,,2395,0,6/9/2022 17:40
1589,vipmosbat5,1,buy,,,982,0,6/19/2022 06:05
566,https://t.me/Codal360_ir,0,,,,6979,0,6/28/2022 07:23
1078,sahamyab,1,buy,,غنوش,221,0,6/13/2022 10:15
823,https://t.me/NoavaranAmin,1,buy,positive,رتاپ,211,0,6/28/2022 10:41
1591,vipmosbat5,1,,,,1101,0,6/18/2022 06:13
1080,sahamyab,0,,,,212,0,6/13/2022 08:45
1592,vipmosbat5,0,,,,984,0,6/18/2022 06:13
825,https://t.me/NoavaranAmin,1,buy,positive,خزر,226,0,6/28/2022 10:38
1081,sahamyab,1,,,,213,0,6/13/2022 07:31
1593,vipmosbat5,1,,,مدار ,919,0,6/18/2022 06:03
826,https://t.me/NoavaranAmin,1,buy,positive,دروز,261,0,6/28/2022 10:23
1338,topsignalexchange,0,,,,2329,0,6/8/2022 04:54
1083,sahamyab,1,,,,205,0,6/12/2022 19:11
1595,vipmosbat5,1,buy,,,806,0,6/18/2022 05:06
1084,sahamyab,0,,,افق,212,0,6/12/2022 19:18
1596,vipmosbat5,1,,,جم ,788,0,6/18/2022 05:04
61,https://t.me/snipersahamyab,1,buy,positive,ختور,541,0,4/5/2022 18:42
1085,sahamyab,0,,,,206,0,6/12/2022 08:45
1597,vipmosbat5,0,,,,782,0,6/18/2022 04:58
62,https://t.me/snipersahamyab,1,buy,positive,غنوش,395,0,4/5/2022 18:40
1598,vipmosbat5,1,buy,,جم ,795,0,6/18/2022 04:54
831,https://t.me/NoavaranAmin,1,buy,positive,"پرداخت، ملت",239,0,6/28/2022 10:11
1087,sahamyab,1,buy,,حفارس,185,0,6/12/2022 08:19
1343,topsignalexchange,1,buy,,وپترو,2325,0,6/7/2022 06:03
1599,vipmosbat5,1,,,,1069,0,6/18/2022 04:47
1088,sahamyab,1,buy,,وساپا,177,0,6/12/2022 08:15
1344,topsignalexchange,1,sell,,خساپا,2282,0,6/7/2022 06:03
1600,vipmosbat5,1,buy,,,1073,0,6/18/2022 04:43
577,https://t.me/Codal360_ir,0,,neutral,غمهرا,6364,0,6/28/2022 06:48
1089,sahamyab,1,,,غنوش,186,0,6/12/2022 08:12
1345,topsignalexchange,0,,,,2273,0,6/7/2022 06:02
834,https://t.me/NoavaranAmin,1,buy,positive,بورس,258,0,6/28/2022 10:03
1090,sahamyab,0,,,,183,0,6/12/2022 08:11
1602,vipmosbat5,0,,,کالا,1306,0,6/16/2022 12:57
1091,sahamyab,0,,,بورس,194,0,6/12/2022 05:17
1603,vipmosbat5,0,,,سیستم,1205,0,6/16/2022 12:57
836,https://t.me/NoavaranAmin,1,buy,positive,شمواد,305,0,6/28/2022 09:48
1604,vipmosbat5,0,,,افق,1124,0,6/16/2022 10:11
1093,sahamyab,0,,,,203,0,6/12/2022 04:54
70,https://t.me/snipersahamyab,1,buy,positive,غنوش,172,0,4/5/2022 05:37
1094,sahamyab,0,,,,199,0,6/12/2022 04:47
1606,vipmosbat5,0,,,بورس,929,0,6/16/2022 10:04
71,https://t.me/snipersahamyab,1,buy,positive,غنوش,161,0,4/5/2022 05:19
1095,sahamyab,0,,,افق,209,0,6/11/2022 20:14
1607,vipmosbat5,0,,,,865,0,6/16/2022 10:04
840,https://t.me/NoavaranAmin,0,,neutral,زرنام,383,0,6/28/2022 09:08
1096,sahamyab,1,buy,,خودرو,186,0,6/11/2022 20:11
1608,vipmosbat5,0,,,,824,0,6/16/2022 10:04
585,https://t.me/Codal360_ir,1,buy,positive,"فارس، وسفارس",6666,0,6/28/2022 06:19
1097,sahamyab,0,,,,190,0,6/11/2022 20:05
1609,vipmosbat5,1,buy,,,1014,0,6/15/2022 07:07
586,https://t.me/Codal360_ir,0,,neutral,فارس,6659,0,6/28/2022 06:18
1098,sahamyab,0,,,,182,0,6/11/2022 20:00
1610,vipmosbat5,0,,,,789,0,6/16/2022 09:45
587,https://t.me/Codal360_ir,1,sell,negative,خودرو,6969,0,6/28/2022 06:13
843,https://t.me/NoavaranAmin,1,sell,negative,بورس,429,0,6/28/2022 08:18
1611,vipmosbat5,0,,,,726,0,6/16/2022 09:44
76,https://t.me/snipersahamyab,0,,neutral,"حفارس، خاور، غنوش",150,0,4/4/2022 19:36
588,https://t.me/Codal360_ir,1,buy,positive,ورنا,6974,0,6/28/2022 06:09
77,https://t.me/snipersahamyab,0,,neutral,خاور,139,0,4/4/2022 19:29
846,https://t.me/NoavaranAmin,1,buy,positive,دجابر,372,0,6/28/2022 08:04
1102,sahamyab,0,,,,276,0,5/31/2022 06:43
1103,sahamyab,1,buy,,,261,0,5/31/2022 06:32
1615,vipmosbat5,0,,,,1009,0,6/15/2022 06:23
1104,sahamyab,1,buy,,,256,0,5/31/2022 06:29
1616,vipmosbat5,1,buy,,,970,0,6/15/2022 06:18
81,https://t.me/snipersahamyab,0,,positive,غنوش,110,0,4/4/2022 15:35
1105,sahamyab,0,,,,252,0,5/31/2022 06:18
1617,vipmosbat5,0,,,,979,0,6/15/2022 05:40
82,https://t.me/snipersahamyab,0,,neutral,حفارس,97,0,4/4/2022 15:32
1618,vipmosbat5,1,buy,,,984,0,6/15/2022 04:33
83,https://t.me/snipersahamyab,0,,neutral,غنوش,90,0,4/4/2022 15:20
1107,sahamyab,0,,,,267,0,5/31/2022 05:48
1363,topsignalexchange,1,buy,,خنصیر,2392,0,5/31/2022 06:07
84,https://t.me/snipersahamyab,0,,positive,بورس,88,0,4/4/2022 15:17
1108,sahamyab,1,buy,,غنوش,191,0,6/11/2022 18:02
85,https://t.me/snipersahamyab,1,buy,positive,"خپارس، خودرو، وبصادر، وتجارت",84,0,4/4/2022 14:58
597,https://t.me/Codal360_ir,1,sell,negative,"تملت، ملت",6664,0,6/28/2022 05:44
1109,sahamyab,0,,,,197,0,6/11/2022 13:51
1621,vipmosbat5,0,,,,1015,0,6/15/2022 15:04
1110,sahamyab,0,,,,196,0,6/11/2022 13:33
1622,vipmosbat5,0,,,,896,0,6/15/2022 14:59
1367,topsignalexchange,1,buy,,پیزد,2370,0,6/6/2022 04:45
1623,vipmosbat5,0,,,,796,0,6/15/2022 14:56
600,https://t.me/Codal360_ir,0,,neutral,سفارود,7588,0,6/28/2022 05:34
856,https://t.me/NoavaranAmin,1,buy,positive,فسازان,429,0,6/28/2022 06:53
1112,sahamyab,0,,,,175,0,6/11/2022 13:19
1368,topsignalexchange,1,sell,,,2381,0,6/6/2022 04:44
1624,vipmosbat5,0,,,سپ,772,0,6/15/2022 14:50
1113,sahamyab,0,,,,177,0,6/11/2022 12:49
1369,topsignalexchange,1,,,آپ,2382,0,6/6/2022 04:37
1625,vipmosbat5,0,,,خراسان,898,0,6/15/2022 14:47
1114,sahamyab,0,,,,168,0,6/11/2022 12:37
1626,vipmosbat5,0,,,,952,0,6/15/2022 14:40
1115,sahamyab,0,,,ملت,175,0,6/11/2022 12:33
1371,topsignalexchange,0,,,,2519,0,6/5/2022 15:15
1627,vipmosbat5,0,,,,1072,0,6/15/2022 07:20
1116,sahamyab,0,,,,177,0,6/11/2022 12:14
1628,vipmosbat5,1,buy,,,941,0,6/15/2022 04:27
1629,vipmosbat5,0,,,,901,0,6/15/2022 04:27
1118,sahamyab,0,,,,183,0,6/11/2022 11:27
1119,sahamyab,0,,,,195,0,6/11/2022 09:50
1120,sahamyab,0,,,,197,0,6/11/2022 09:34
1632,vipmosbat5,0,,,,957,0,6/15/2022 03:42
1121,sahamyab,0,,,غنوش,220,0,6/11/2022 08:17
1377,topsignalexchange,0,,,,2607,0,6/1/2022 06:35
1122,sahamyab,1,buy,,حفارس,221,0,6/11/2022 07:31
1123,sahamyab,0,,,,237,0,6/11/2022 06:17
1635,vipmosbat5,0,,,بورس,776,0,6/14/2022 13:39
356,https://t.me/signalle_bartare_bours,0,,negative,لپارس,3520,0,4/9/2022 05:15
1124,sahamyab,1,buy,,,223,0,6/11/2022 06:16
357,https://t.me/signalle_bartare_bours,0,,positive,لپارس,3475,0,4/9/2022 05:12
1381,topsignalexchange,0,,,پیزد,2356,0,5/31/2022 05:50
1637,vipmosbat5,0,,,ملت,706,0,6/14/2022 13:38
1382,topsignalexchange,0,,,,2314,0,5/31/2022 05:45
1127,sahamyab,0,,,,245,0,6/9/2022 16:08
616,https://t.me/asiasarmayeh,0,,neutral,وبصادر,471,0,5/16/2022 06:11
1128,sahamyab,1,buy,,وساپا,251,0,6/8/2022 18:38
1640,vipmosbat5,0,,,جم ,1023,0,6/14/2022 05:21
1129,sahamyab,1,buy,,خاور,226,0,6/8/2022 18:37
1385,topsignalexchange,1,,,خنصیر,2233,0,5/31/2022 05:13
1641,vipmosbat5,1,buy,,,1135,0,6/14/2022 05:18
1130,sahamyab,0,,,غنوش,210,0,6/8/2022 18:36
1642,vipmosbat5,0,,,,1173,0,6/14/2022 05:01
1643,vipmosbat5,1,buy,,,1148,0,6/14/2022 04:48
1132,sahamyab,1,,,,208,0,6/8/2022 18:21
1134,sahamyab,1,,,وساپا,223,0,6/8/2022 08:12
1390,topsignalexchange,0,,,فروس,2101,0,5/31/2022 04:54
1135,sahamyab,1,buy,,خاور,211,0,6/8/2022 08:12
1647,vipmosbat5,0,,,افق,909,0,6/14/2022 13:20
1136,sahamyab,1,buy,,غنوش,194,0,6/8/2022 08:11
1392,topsignalexchange,1,,,,2324,0,5/31/2022 04:51
1648,vipmosbat5,0,,,,1025,0,6/14/2022 06:42
1137,sahamyab,0,,,شفا,203,0,6/8/2022 05:16
1393,topsignalexchange,1,,,,2351,0,5/31/2022 04:50
626,https://t.me/asiasarmayeh,0,,negative,بورس,365,0,5/5/2022 19:37
1138,sahamyab,1,buy,,کاما,197,0,6/8/2022 05:08
1650,vipmosbat5,0,,,,1138,0,6/14/2022 04:47
1139,sahamyab,0,,,,196,0,6/8/2022 05:05
1395,topsignalexchange,0,,,وامید,2906,0,5/30/2022 04:49
1651,vipmosbat5,1,buy,,,1308,0,6/13/2022 05:42
1140,sahamyab,0,,,امید,199,0,6/8/2022 04:46
1652,vipmosbat5,1,buy,,,1200,0,6/13/2022 05:35
1141,sahamyab,0,,,بورس,199,0,6/8/2022 04:27
1653,vipmosbat5,0,,,,1205,0,6/13/2022 05:28
886,https://t.me/NoavaranAmin,0,,neutral,"پارس، شپنا، فولاد",518,0,6/28/2022 02:08
1654,vipmosbat5,1,buy,,,1153,0,6/13/2022 05:20
1143,sahamyab,0,,,,82,0,6/8/2022 04:23
1399,topsignalexchange,0,,,,2807,0,5/29/2022 07:57
1655,vipmosbat5,0,,,,966,0,6/8/2022 07:35
1144,sahamyab,1,buy,,,195,0,6/7/2022 20:38
1400,topsignalexchange,0,,,,2742,0,5/29/2022 07:01
633,https://t.me/asiasarmayeh,0,,neutral,وبصادر,444,0,4/20/2022 06:21
1657,vipmosbat5,1,sell,,,838,0,6/7/2022 07:52
890,https://t.me/NoavaranAmin,1,sell,negative,خصدرا,648,0,6/27/2022 19:04
1147,sahamyab,1,buy,,پاسا,186,0,6/7/2022 18:58
1403,topsignalexchange,0,,,,2700,0,5/29/2022 06:03
1659,vipmosbat5,1,,,جم ,1148,0,6/13/2022 05:16
1148,sahamyab,1,buy,,خاور,188,0,6/7/2022 18:55
1404,topsignalexchange,1,buy,,پلاست,2634,0,5/29/2022 06:00
1660,vipmosbat5,1,sell,,,1149,0,6/13/2022 05:04
1149,sahamyab,0,,,افق,200,0,6/7/2022 17:10
1661,vipmosbat5,1,buy,,,1104,0,6/13/2022 04:58
1150,sahamyab,0,,,امین,203,0,6/7/2022 12:57
1406,topsignalexchange,1,,,پیزد,2538,0,5/29/2022 05:48
1662,vipmosbat5,0,,,,1111,0,6/13/2022 04:30
895,https://t.me/NoavaranAmin,1,buy,positive,"خراسان، فخاس، فولاد",595,0,6/27/2022 16:14
1151,sahamyab,0,,,بورس,211,0,6/7/2022 10:48
1663,vipmosbat5,0,,,,1100,0,6/13/2022 04:27
1152,sahamyab,0,,,,210,0,6/7/2022 10:47
1664,vipmosbat5,0,,,خودرو,1241,0,6/12/2022 10:27
897,https://t.me/NoavaranAmin,0,,negative,آبادا,607,0,6/27/2022 15:18
1665,vipmosbat5,0,,,دیران,1149,0,6/12/2022 10:24
1666,vipmosbat5,0,,,بورس,891,0,6/12/2022 10:20
1155,sahamyab,1,buy,,غنوش,198,0,6/7/2022 08:14
1411,topsignalexchange,0,,,خودرو,2683,0,5/28/2022 20:30
1667,vipmosbat5,0,,,امید,866,0,6/12/2022 10:05
1156,sahamyab,0,,,,200,0,6/7/2022 03:55
1412,topsignalexchange,1,buy,,,2744,0,5/28/2022 06:04
1157,sahamyab,1,buy,,غنوش,194,0,6/7/2022 08:08
1669,vipmosbat5,0,,,خودرو,648,0,6/12/2022 09:55
902,https://t.me/NoavaranAmin,0,,neutral,افق,576,0,6/27/2022 14:13
1671,vipmosbat5,0,,,,604,0,6/12/2022 09:08
1160,sahamyab,0,,,بورس,216,0,6/6/2022 18:02
1672,vipmosbat5,0,,,,887,0,6/12/2022 08:43
1161,sahamyab,0,,,افق,224,0,6/6/2022 16:26
138,https://t.me/ChanelVIP20,1,buy,positive,ورنا,17955,0,4/16/2022 05:22
1674,vipmosbat5,0,,,بورس,772,0,6/11/2022 19:34
1164,sahamyab,0,,,,254,0,6/5/2022 16:07
1676,vipmosbat5,0,,,شفا,594,0,6/12/2022 09:51
1422,topsignalexchange,1,,,شگل,2416,0,5/25/2022 07:24
1423,topsignalexchange,1,buy,,همراه ,2408,0,5/25/2022 07:20
1424,topsignalexchange,0,,,,2391,0,5/25/2022 07:01
1680,vipmosbat5,0,,,,555,0,6/12/2022 09:39
1681,vipmosbat5,0,,,,575,0,6/12/2022 09:38
402,https://t.me/Codal360_ir,1,buy,positive,فارس,1220,0,6/28/2022 12:18
1170,sahamyab,1,buy,,شستا,236,0,6/4/2022 16:18
1682,vipmosbat5,0,,,افق,603,0,6/12/2022 09:34
1171,sahamyab,1,buy,,وساپا,220,0,6/1/2022 19:33
1427,topsignalexchange,1,,,پسهند,2386,0,5/25/2022 06:03
1683,vipmosbat5,0,,,,600,0,6/12/2022 09:34
404,https://t.me/Codal360_ir,1,sell,negative,سفارود,1514,0,6/28/2022 12:13
916,https://t.me/NoavaranAmin,1,sell,negative,فولاد,462,0,6/27/2022 12:13
1172,sahamyab,1,,,غنوش,211,0,6/1/2022 18:58
1428,topsignalexchange,1,buy,,خنصیر,2417,0,5/25/2022 05:14
1684,vipmosbat5,0,,,بورس,623,0,6/12/2022 09:22
1173,sahamyab,1,buy,,,225,0,6/1/2022 18:55
1685,vipmosbat5,0,,,کالا,634,0,6/12/2022 09:18
1430,topsignalexchange,1,buy,,,2344,0,5/25/2022 05:13
407,https://t.me/Codal360_ir,1,buy,positive,دارو,1513,0,6/28/2022 12:08
1431,topsignalexchange,1,,,,2321,0,5/25/2022 05:13
408,https://t.me/Codal360_ir,1,sell,negative,وبهمن,1516,0,6/28/2022 12:05
1688,vipmosbat5,0,,,مداران,606,0,6/12/2022 09:07
1177,sahamyab,0,,,کالا,233,0,6/4/2022 08:12
1433,topsignalexchange,1,,,,2265,0,5/25/2022 04:50
1178,sahamyab,0,,,دارو,212,0,6/4/2022 07:45
1690,vipmosbat5,0,,,خودرو,598,0,6/12/2022 09:04
411,https://t.me/Codal360_ir,1,buy,positive,وبهمن,1514,0,6/28/2022 12:05
1691,vipmosbat5,0,,,دیران,594,0,6/12/2022 08:59
412,https://t.me/Codal360_ir,1,sell,negative,ثبهساز,1214,0,6/28/2022 12:05
1180,sahamyab,1,buy,,وساپا,229,0,6/3/2022 19:24
1436,topsignalexchange,0,,,,2254,0,5/25/2022 04:24
1692,vipmosbat5,0,,,,627,0,6/12/2022 08:59
1693,vipmosbat5,0,,,,636,0,6/12/2022 08:53
414,https://t.me/Codal360_ir,1,sell,negative,وبهمن,1513,0,6/28/2022 12:04
1182,sahamyab,0,,,,228,0,6/3/2022 08:18
1694,vipmosbat5,0,,,خودرو,651,0,6/12/2022 08:46
1183,sahamyab,0,,,بورس,224,0,6/3/2022 07:40
672,https://t.me/asiasarmayeh,1,sell,negative,بورس,157,0,12/4/2021 07:14
1440,topsignalexchange,0,,,,2507,0,5/24/2022 08:50
417,https://t.me/Codal360_ir,1,sell,negative,وبهمن,1821,0,6/28/2022 11:58
418,https://t.me/Codal360_ir,1,buy,positive,خودرو,1817,0,6/28/2022 11:58
930,https://t.me/NoavaranAmin,1,buy,positive,"پارس، شپارس",449,0,6/27/2022 11:15
1186,sahamyab,0,,,,240,0,6/2/2022 09:35
1442,topsignalexchange,0,,,,2394,0,5/24/2022 08:47
1698,vipmosbat5,0,,,مداران,896,0,6/11/2022 20:14
931,https://t.me/NoavaranAmin,1,sell,negative,فولاد,434,0,6/27/2022 11:13
1443,topsignalexchange,1,buy,,غنوش,2391,0,5/24/2022 08:47
1699,vipmosbat5,0,,,کالا,841,0,6/11/2022 19:59
1444,topsignalexchange,1,buy,,فروس,2386,0,5/24/2022 08:46
1700,vipmosbat5,0,,,,764,0,6/11/2022 19:59
1189,sahamyab,1,buy,,وساپا,222,0,6/1/2022 19:39
1701,vipmosbat5,0,,,,787,0,6/11/2022 19:35
1446,topsignalexchange,1,,,بشهاب,2433,0,5/24/2022 05:13
1191,sahamyab,0,,,غنوش,257,0,6/1/2022 20:18
1447,topsignalexchange,1,sell,,غنوش,2399,0,5/24/2022 05:11
1448,topsignalexchange,0,,,وتوصا,2402,0,5/24/2022 04:59
425,https://t.me/Codal360_ir,0,,neutral,فولاد,2426,0,6/28/2022 11:44
1193,sahamyab,1,buy,,غنوش,246,0,6/1/2022 17:47
1449,topsignalexchange,1,,,برکت,2411,0,5/24/2022 04:54
1705,vipmosbat5,0,,,بورس,1206,0,6/11/2022 09:16
426,https://t.me/Codal360_ir,0,,negative,ثنوسا,2424,0,6/28/2022 11:44
1194,sahamyab,1,sell,,غنوش,278,0,5/31/2022 18:54
1450,topsignalexchange,0,,,,2433,0,5/24/2022 04:48
1706,vipmosbat5,0,,,,1180,0,6/11/2022 07:01
1707,vipmosbat5,1,buy,,,1177,0,6/11/2022 06:56
428,https://t.me/Codal360_ir,1,sell,negative,فولاد,2123,0,6/28/2022 11:43
1196,sahamyab,1,buy,,شپنا,263,0,5/31/2022 05:45
1708,vipmosbat5,0,,,بورس,1180,0,6/11/2022 06:56
1197,sahamyab,0,,,بورس,265,0,5/31/2022 04:44
1453,topsignalexchange,0,,,,2480,0,5/23/2022 14:27
1709,vipmosbat5,1,,,,965,0,6/11/2022 06:34
1198,sahamyab,0,,,افق,275,0,5/30/2022 09:14
431,https://t.me/Codal360_ir,1,buy,positive,زرنام,2428,0,6/28/2022 11:35
1199,sahamyab,1,buy,,,264,0,5/30/2022 09:10
1711,vipmosbat5,0,,,همراه ,970,0,6/11/2022 05:55
944,https://t.me/NoavaranAmin,0,,neutral,شفن,529,0,6/27/2022 09:14
1712,vipmosbat5,0,,,مدار ,1073,0,6/11/2022 05:48
1713,vipmosbat5,0,,,,1012,0,6/11/2022 05:29
1714,vipmosbat5,1,buy,,,1025,0,6/11/2022 04:34
947,https://t.me/NoavaranAmin,0,,positive,فولاد,553,0,6/27/2022 08:54
1203,topsignalexchange,0,,,,2263,0,6/18/2022 13:09
1460,topsignalexchange,0,,,,2618,0,5/22/2022 15:16
437,https://t.me/Codal360_ir,0,,positive,دانا,2427,0,6/28/2022 11:30
182,https://t.me/ChanelVIP20,1,buy,positive,خودرو,19030,0,4/13/2022 04:56
438,https://t.me/Codal360_ir,1,buy,positive,خودرو,2426,0,6/28/2022 11:29
1462,topsignalexchange,1,buy,,کدما,2511,0,5/22/2022 14:55
1207,sahamyab,0,,,غنوش,261,0,5/30/2022 09:05
184,https://t.me/ChanelVIP20,1,buy,positive,خبهمن,18563,0,4/13/2022 04:55
1208,sahamyab,1,buy,,,253,0,5/30/2022 04:11
1464,topsignalexchange,1,,,,2539,0,5/22/2022 06:17
1209,sahamyab,0,,,,254,0,5/30/2022 04:10
1465,topsignalexchange,1,sell,,قشرین,2573,0,5/22/2022 05:18
187,https://t.me/ChanelVIP20,1,buy,positive,شبندر,17912,0,4/13/2022 04:45
1211,sahamyab,1,buy,,خودرو,277,0,5/29/2022 08:03
1467,topsignalexchange,1,,,غدشت,2546,0,5/22/2022 04:39
188,https://t.me/ChanelVIP20,1,buy,positive,فولاد,17746,0,4/13/2022 04:45
1212,sahamyab,1,sell,,غنوش,298,0,5/29/2022 06:37
189,https://t.me/ChanelVIP20,1,buy,positive,شستا,17714,0,4/13/2022 04:39
1213,sahamyab,0,,,خودرو,285,0,5/29/2022 06:20
1469,topsignalexchange,1,buy,,کدما,2444,0,5/22/2022 04:39
446,https://t.me/Codal360_ir,1,buy,positive,دفارا,2728,0,6/28/2022 11:23
1214,sahamyab,0,,,,303,0,5/28/2022 19:22
1470,topsignalexchange,1,,,,2468,0,5/22/2022 04:18
1215,sahamyab,0,,,غنوش,347,0,5/28/2022 09:47
704,https://t.me/asiasarmayeh,0,,negative,"بورس، خودرو",120,0,11/21/2021 04:55
449,https://t.me/Codal360_ir,1,buy,positive,خزر,2729,0,6/28/2022 11:18
1217,sahamyab,0,,,,420,0,5/26/2022 04:19
1219,sahamyab,0,,,غنوش,404,0,5/25/2022 17:25
708,https://t.me/asiasarmayeh,0,,negative,"خودرو، فارس",92,0,11/20/2021 10:16
709,https://t.me/asiasarmayeh,0,,positive,خودرو,88,0,11/20/2021 10:16
1221,sahamyab,1,buy,,غنوش,351,0,5/25/2022 10:10
1222,sahamyab,1,buy,,شبندر,348,0,5/25/2022 07:05
1223,sahamyab,0,,,خودرو,342,0,5/25/2022 07:02
456,https://t.me/Codal360_ir,0,,negative,لوتوس,3029,0,6/28/2022 11:09
968,https://t.me/NoavaranAmin,1,buy,positive,جم,480,0,6/27/2022 06:19
1224,sahamyab,0,,,امید,330,0,5/25/2022 07:00
1480,topsignalexchange,0,,,,2654,0,5/21/2022 04:41
1225,sahamyab,1,buy,,غنوش,327,0,5/25/2022 06:48
714,https://t.me/asiasarmayeh,0,,negative,"خودرو، ما",132,0,11/16/2021 15:35
1226,sahamyab,1,buy,,شستا,347,0,5/24/2022 18:40
1482,topsignalexchange,0,,,,3051,0,5/19/2022 18:24
715,https://t.me/asiasarmayeh,0,,negative,ما,110,0,11/16/2021 15:35
1227,sahamyab,0,,,غنوش,356,0,5/24/2022 18:32
1483,topsignalexchange,1,buy,,,2937,0,5/19/2022 18:22
460,https://t.me/Codal360_ir,0,,neutral,فسازان,3335,0,6/28/2022 10:59
1484,topsignalexchange,1,buy,,,2916,0,5/19/2022 17:31
1485,topsignalexchange,1,buy,,غنوش,2943,0,5/19/2022 15:22
974,https://t.me/NoavaranAmin,0,,negative,فسرب,481,0,6/27/2022 05:43
466,https://t.me/Codal360_ir,1,buy,positive,خزر,3641,0,6/28/2022 10:49
722,https://t.me/asiasarmayeh,0,,negative,بورس,117,0,11/15/2021 09:37
1234,sahamyab,0,,,,331,0,5/18/2022 09:32
1490,topsignalexchange,0,,,,2997,0,5/18/2022 04:28
211,https://t.me/grouprezabourse,0,,neutral,خساپا,0,0,4/17/2022 08:32
467,https://t.me/Codal360_ir,1,buy,positive,رتاپ,3339,0,6/28/2022 10:49
1235,sahamyab,1,buy,,وساپا,336,0,5/18/2022 08:11
468,https://t.me/Codal360_ir,0,,neutral,شفارا,3331,0,6/28/2022 10:49
1236,sahamyab,1,buy,,غنوش,352,0,5/18/2022 08:09
1492,topsignalexchange,0,,,,2907,0,5/17/2022 09:35
981,https://t.me/NoavaranAmin,0,,neutral,فنوال,528,0,6/27/2022 04:47
470,https://t.me/Codal360_ir,0,,neutral,غبهنوش,3334,0,6/28/2022 10:48
1240,sahamyab,1,buy,,,360,0,5/16/2022 08:40
1496,topsignalexchange,0,,,,2293,0,5/17/2022 08:21
1241,sahamyab,1,buy,,غنوش,357,0,5/16/2022 08:39
986,https://t.me/NoavaranAmin,1,buy,positive,سدشت,571,0,6/27/2022 02:42
1242,sahamyab,1,,,غنوش,338,0,5/14/2022 09:58
475,https://t.me/Codal360_ir,0,,neutral,پرداخت,3332,0,6/28/2022 10:44
1243,sahamyab,1,buy,,,328,0,5/14/2022 05:48
476,https://t.me/Codal360_ir,0,,neutral,فولاد,3331,0,6/28/2022 10:44
988,https://t.me/NoavaranAmin,0,,neutral,"شبندر، شپنا، شستا، فولاد",520,0,6/27/2022 02:01
1244,sahamyab,1,buy,,,318,0,5/14/2022 05:38
477,https://t.me/Codal360_ir,1,buy,positive,دروز,3332,0,6/28/2022 10:44
1501,topsignalexchange,1,buy,,پلاست,2636,0,5/16/2022 07:53
479,https://t.me/Codal360_ir,0,,neutral,دانا,3940,0,6/28/2022 10:43
1247,sahamyab,1,,,همراه ,369,0,5/14/2022 19:16
1248,sahamyab,0,,,,362,0,5/14/2022 12:08
481,https://t.me/Codal360_ir,0,,neutral,غبشهر,4246,0,6/28/2022 10:28
1249,sahamyab,1,buy,,افق,315,0,5/14/2022 05:37
994,https://t.me/NoavaranAmin,1,buy,positive,"دارو، فجام",609,0,6/26/2022 17:29
1250,sahamyab,1,buy,,غنوش,320,0,5/14/2022 05:37
483,https://t.me/Codal360_ir,1,buy,positive,دروز,4249,0,6/28/2022 10:24
228,https://t.me/grouprezabourse,0,,neutral,"ما، ومعادن",0,0,4/17/2022 08:13
484,https://t.me/Codal360_ir,1,sell,negative,ومعادن,3943,0,6/28/2022 10:24
1252,sahamyab,1,buy,,وبملت,329,0,5/13/2022 08:32
229,https://t.me/grouprezabourse,0,,negative,ختور,0,0,4/17/2022 08:12
1253,sahamyab,0,,,,315,0,5/13/2022 08:29
1509,topsignalexchange,0,,,,2549,0,5/15/2022 18:19
1254,sahamyab,0,,,غنوش,320,0,5/13/2022 08:08
1510,topsignalexchange,1,,,,2446,0,5/15/2022 07:52
1000,https://t.me/NoavaranAmin,0,,neutral,دارو,570,0,6/26/2022 15:36
1001,sahamyab,0,,,افق,32,0,6/24/2022 07:56
1257,sahamyab,0,,,,326,0,5/12/2022 09:08
1002,sahamyab,0,,,,44,0,6/24/2022 07:05
1258,sahamyab,0,,,غنوش,334,0,5/11/2022 18:46
1514,topsignalexchange,1,,,,2307,0,5/15/2022 07:24
1003,sahamyab,0,,,ونوین,47,0,6/24/2022 07:01
1259,sahamyab,0,,,افق,333,0,5/11/2022 08:01
1515,topsignalexchange,0,,,,2301,0,5/15/2022 07:00
492,https://t.me/Codal360_ir,0,,neutral,افق,3937,0,6/28/2022 10:18
1004,sahamyab,1,buy,,ونوین,46,0,6/24/2022 07:00
1516,topsignalexchange,1,,,خپارس,2259,0,5/15/2022 06:42
749,https://t.me/asiasarmayeh,0,,negative,بورس,73,0,11/13/2021 09:30
1005,sahamyab,0,,,,47,0,6/24/2022 06:58
1261,sahamyab,0,,,غنوش,321,0,5/10/2022 18:19
494,https://t.me/Codal360_ir,1,sell,negative,ما,4235,0,6/28/2022 10:13
1262,sahamyab,0,,,غنوش,315,0,5/10/2022 18:14
1007,sahamyab,1,buy,,کلوند,117,0,6/23/2022 14:11
1263,sahamyab,1,buy,,افق,320,0,5/10/2022 17:39
1519,topsignalexchange,0,,,,2188,0,5/15/2022 06:05
1008,sahamyab,1,buy,,غنوش,138,0,6/23/2022 04:17
1264,sahamyab,0,,,وساپا,326,0,5/10/2022 13:39
1520,topsignalexchange,0,,,,2181,0,5/15/2022 05:53
1009,sahamyab,0,,,,146,0,6/22/2022 19:10
1265,sahamyab,0,,,,323,0,5/10/2022 09:38
1521,topsignalexchange,1,,,,2149,0,5/15/2022 05:51
498,https://t.me/Codal360_ir,1,buy,positive,"پرداخت، ملت",4240,0,6/28/2022 10:08
1266,sahamyab,1,buy,,غنوش,314,0,5/10/2022 08:55
1522,topsignalexchange,0,,,غنوش,2115,0,5/15/2022 05:12
1011,sahamyab,1,buy,,حفارس,147,0,6/22/2022 14:31
1267,sahamyab,1,buy,,وساپا,309,0,5/10/2022 08:54
1523,topsignalexchange,1,,,,2055,0,5/15/2022 05:11
1012,sahamyab,1,buy,,غنوش,145,0,6/22/2022 14:24
1524,topsignalexchange,1,,,,2069,0,5/15/2022 04:48
1013,sahamyab,1,buy,,وساپا,146,0,6/22/2022 14:22
1525,topsignalexchange,0,,,,2017,0,5/15/2022 04:47
1014,sahamyab,1,buy,,غنوش,143,0,6/22/2022 14:11
1526,topsignalexchange,0,,,,2039,0,5/15/2022 04:46
1015,sahamyab,0,,,غنوش,140,0,6/22/2022 13:07
1271,sahamyab,0,,,شستا,319,0,5/8/2022 09:22
1016,sahamyab,1,buy,,خچرخش,145,0,6/22/2022 08:17
1272,sahamyab,1,buy,,افق,302,0,5/8/2022 08:03
1528,topsignalexchange,1,buy,,غنوش,2080,0,5/15/2022 04:24
1017,sahamyab,1,buy,,خاور,144,0,6/22/2022 08:16
1273,sahamyab,1,sell,,شستا,302,0,5/8/2022 06:35
1018,sahamyab,1,buy,,حفارس,148,0,6/22/2022 05:17
1274,sahamyab,1,sell,,افق,299,0,5/8/2022 06:22
1530,topsignalexchange,0,,,,2123,0,5/15/2022 04:21
507,https://t.me/Codal360_ir,0,,neutral,افق,4544,0,6/28/2022 09:50
1019,sahamyab,1,buy,,وساپا,151,0,6/22/2022 05:14
1275,sahamyab,1,buy,,وبملت,299,0,5/8/2022 05:03
1531,topsignalexchange,1,buy,,فنرژی,2125,0,5/15/2022 04:20
508,https://t.me/Codal360_ir,0,,neutral,فارس,4540,0,6/28/2022 09:49
764,https://t.me/asiasarmayeh,0,,negative,پرداخت,49,0,11/13/2021 09:17
1020,sahamyab,1,buy,,خاور,152,0,6/22/2022 05:11
1276,sahamyab,1,buy,,شستا,294,0,5/8/2022 04:51
1532,topsignalexchange,1,buy,,,2247,0,5/15/2022 04:20
1021,sahamyab,1,buy,,غنوش,156,0,6/22/2022 04:12
1277,sahamyab,1,buy,,شستا,295,0,5/8/2022 04:38
1022,sahamyab,0,,,بورس,152,0,6/22/2022 03:45
1278,sahamyab,0,,,شستا,292,0,5/8/2022 04:37
1534,topsignalexchange,0,,,,2381,0,5/14/2022 18:48
1023,sahamyab,0,,,,154,0,6/22/2022 03:44
1279,sahamyab,1,,,,274,0,5/8/2022 04:18
1535,topsignalexchange,1,,,برکت,2470,0,5/14/2022 07:59
1536,topsignalexchange,1,buy,,,2382,1,5/14/2022 07:38
1282,topsignalexchange,0,,,بورس,406,1,6/24/2022 06:29
1283,topsignalexchange,0,,,,959,1,6/23/2022 19:28
1028,sahamyab,0,,,خاور,171,1,6/21/2022 12:35
1284,topsignalexchange,1,buy,,وآذر,1586,1,6/22/2022 07:04
1544,vipmosbat5,0,,,مداران,814,1,6/18/2022 05:41
9,https://t.me/snipersahamyab,1,buy,positive,"ختور، غنوش، مدار",163,1,4/16/2022 04:54
1033,sahamyab,0,,,,180,1,6/21/2022 04:07
1034,sahamyab,0,,,,229,1,6/19/2022 04:20
1035,sahamyab,0,,,,228,1,6/19/2022 04:11
781,https://t.me/asiasarmayeh,1,buy,positive,بورس,53,1,11/9/2021 06:09
1037,sahamyab,0,,,,206,1,6/19/2022 03:19
1293,topsignalexchange,0,,,ثفارس,1670,1,6/21/2022 15:15
1553,vipmosbat5,0,,,جم ,584,1,6/23/2022 06:11
1554,vipmosbat5,1,buy,,,933,1,6/22/2022 06:54
1557,vipmosbat5,0,,,سپ,989,1,6/21/2022 06:43
22,https://t.me/snipersahamyab,0,,negative,بورس,321,1,4/12/2022 15:33
1302,topsignalexchange,1,sell,,,2220,1,6/14/2022 06:52
1048,sahamyab,0,,,,190,1,6/18/2022 12:39
1560,vipmosbat5,0,,,,604,1,6/23/2022 06:11
26,https://t.me/snipersahamyab,0,,positive,ما,338,1,4/11/2022 05:48
282,https://t.me/grouprezabourse,0,,,,875,1,4/17/2022 07:24
1307,topsignalexchange,1,sell,,شستا,2207,1,6/14/2022 04:51
1311,topsignalexchange,0,,,,2396,1,6/13/2022 04:54
1056,sahamyab,0,,,,175,1,6/18/2022 04:00
1057,sahamyab,1,sell,,کپشیر,185,1,6/17/2022 18:28
1573,vipmosbat5,1,,,,1184,1,6/20/2022 05:39
1574,vipmosbat5,1,buy,,,1183,1,6/20/2022 05:24
1319,topsignalexchange,0,,,سنیر,2250,1,6/12/2022 05:16
1064,sahamyab,1,buy,,حفارس,238,1,6/15/2022 08:09
1321,topsignalexchange,1,sell,,خودرو,2186,1,6/12/2022 05:08
1322,topsignalexchange,1,,,خنصیر,2180,1,6/12/2022 05:07
301,https://t.me/signalle_bartare_bours,1,sell,neutral,"خاورح، خبهمن، خگستر، خودرو، ذوب، شبندر، شتران، شستا، فولاد، ورنا، وساپا",3669,1,4/12/2022 08:29
1071,sahamyab,0,,,,179,1,6/15/2022 04:14
1327,topsignalexchange,1,buy,,,2317,1,6/11/2022 05:31
1072,sahamyab,0,,,فولاد,191,1,6/14/2022 15:42
52,https://t.me/snipersahamyab,1,buy,positive,غنوش,1277,1,4/6/2022 19:23
1334,topsignalexchange,0,,,افق,2298,1,6/9/2022 17:39
1335,topsignalexchange,0,,,,2484,1,6/8/2022 19:00
1337,topsignalexchange,1,buy,,غنوش,2228,1,6/8/2022 07:27
1082,sahamyab,0,,,,217,1,6/12/2022 20:04
1594,vipmosbat5,0,,,,891,1,6/18/2022 05:55
1339,topsignalexchange,1,buy,,,2330,1,6/8/2022 04:24
318,https://t.me/signalle_bartare_bours,0,,,,3486,1,4/11/2022 06:00
1601,vipmosbat5,0,,,,1608,1,6/16/2022 12:58
1092,sahamyab,0,,,,202,1,6/12/2022 05:11
1349,topsignalexchange,0,,,خساپا,2218,1,6/7/2022 04:41
1605,vipmosbat5,0,,,خودرو,1010,1,6/16/2022 10:05
1352,topsignalexchange,0,,,,2412,1,6/6/2022 06:32
841,https://t.me/NoavaranAmin,1,buy,positive,ذوب,447,1,6/28/2022 08:43
330,https://t.me/signalle_bartare_bours,1,buy,neutral,"خاور، خپارس، خساپا، خگستر، خودرو، ذوب، وبصادر، وبملت، وپارس، وتجارت، وساپا",3632,1,4/10/2022 08:31
1099,sahamyab,0,,,,183,1,6/11/2022 19:59
1100,sahamyab,1,buy,,بورس,197,1,6/11/2022 18:14
1356,topsignalexchange,1,buy,,لسرما,2431,1,6/1/2022 04:59
1357,topsignalexchange,1,buy,,تپکو,2316,1,6/1/2022 04:58
1358,topsignalexchange,0,,,,2276,1,6/1/2022 04:57
1614,vipmosbat5,0,,,,1216,1,6/16/2022 09:39
1359,topsignalexchange,0,,,,2292,1,6/1/2022 04:42
849,https://t.me/NoavaranAmin,1,buy,positive,ستران,397,1,6/28/2022 07:58
1361,topsignalexchange,1,buy,,لسرما,2362,1,6/1/2022 03:37
850,https://t.me/NoavaranAmin,0,,positive,"خراسان، قثابت",409,1,6/28/2022 07:54
1619,vipmosbat5,0,,,,1248,1,6/16/2022 09:34
1364,topsignalexchange,1,,,,2349,1,5/31/2022 05:58
1620,vipmosbat5,0,,,,1123,1,6/15/2022 15:05
1366,topsignalexchange,0,,,,2351,1,6/6/2022 04:48
1111,sahamyab,0,,,,185,1,6/11/2022 13:30
1117,sahamyab,0,,,,183,1,6/11/2022 12:11
1373,topsignalexchange,0,,,خودرو,2547,1,6/4/2022 09:38
1630,vipmosbat5,1,buy,,,962,1,6/15/2022 03:46
1375,topsignalexchange,0,,,,2746,1,6/1/2022 07:29
1631,vipmosbat5,0,,,,383,1,6/15/2022 03:46
1376,topsignalexchange,0,,,,2691,1,6/1/2022 06:37
1378,topsignalexchange,1,buy,,خنصیر,2615,1,6/1/2022 06:25
1380,topsignalexchange,1,buy,,,2502,1,6/1/2022 05:05
1126,sahamyab,0,,,افق,252,1,6/9/2022 16:09
1638,vipmosbat5,0,,,,696,1,6/14/2022 13:34
359,https://t.me/signalle_bartare_bours,0,,neutral,لپارس,3687,1,4/9/2022 05:08
1383,topsignalexchange,0,,,,2315,1,5/31/2022 05:43
1384,topsignalexchange,1,buy,,,2238,1,5/31/2022 05:23
1386,topsignalexchange,1,buy,,پیزد,2163,1,5/31/2022 05:12
1131,sahamyab,1,buy,,غنوش,201,1,6/8/2022 18:32
1387,topsignalexchange,0,,,,2090,1,5/31/2022 05:10
1388,topsignalexchange,1,,,,2123,1,5/31/2022 05:01
621,https://t.me/asiasarmayeh,1,buy,positive,دارو,316,1,5/13/2022 14:02
1133,sahamyab,1,buy,,,206,1,6/8/2022 18:06
1389,topsignalexchange,1,,,,2110,1,5/31/2022 04:55
1645,vipmosbat5,0,,,پرداخت,737,1,6/14/2022 13:32
879,https://t.me/NoavaranAmin,1,buy,positive,شاملا,420,1,6/28/2022 04:32
112,https://t.me/ChanelVIP20,1,sell,negative,خگستر,16242,1,4/17/2022 04:51
1394,topsignalexchange,1,buy,,خنصیر,2436,1,5/31/2022 04:00
883,https://t.me/NoavaranAmin,1,buy,positive,زرنام,500,1,6/28/2022 03:58
1396,topsignalexchange,1,buy,,,2867,1,5/30/2022 04:44
885,https://t.me/NoavaranAmin,0,,neutral,غمهرا,566,1,6/28/2022 02:09
1142,sahamyab,0,,,,85,1,6/8/2022 04:23
887,https://t.me/NoavaranAmin,0,,neutral,غبشهر,542,1,6/28/2022 02:08
1656,vipmosbat5,0,,,,982,1,6/8/2022 07:20
889,https://t.me/NoavaranAmin,0,,neutral,"بشهاب، پارس",681,1,6/27/2022 19:05
1145,sahamyab,0,,,خودرو,192,1,6/7/2022 19:32
1146,sahamyab,0,,,,186,1,6/7/2022 19:27
1402,topsignalexchange,0,,,ومدیر,2686,1,5/29/2022 06:16
1658,vipmosbat5,0,,,,777,1,6/7/2022 07:36
1405,topsignalexchange,0,,,,2594,1,5/29/2022 05:58
1407,topsignalexchange,1,buy,,خودرو,2538,1,5/29/2022 05:33
1408,topsignalexchange,0,,,,2561,1,5/29/2022 05:09
130,https://t.me/ChanelVIP20,0,,neutral,"اخابر، پارسان، رمپنا، شبندر، شتران، فولاد",13155,1,4/16/2022 10:04
1154,sahamyab,0,,,,226,1,6/7/2022 08:16
1410,topsignalexchange,0,,,خودرو,2709,1,5/28/2022 20:32
900,https://t.me/NoavaranAmin,1,buy,positive,"پارس، خزر، لخزر",581,1,6/27/2022 14:24
1668,vipmosbat5,0,,,,668,1,6/12/2022 10:01
1158,sahamyab,0,,,,25,1,6/7/2022 03:54
1670,vipmosbat5,0,,,افق,576,1,6/12/2022 09:42
391,https://t.me/signalle_bartare_bours,0,,positive,فارس,5922,1,3/30/2022 07:12
1159,sahamyab,0,,,,30,1,6/7/2022 03:54
136,https://t.me/ChanelVIP20,0,,negative,همراه,17850,1,4/16/2022 05:53
904,https://t.me/NoavaranAmin,1,sell,negative,فالوم,537,1,6/27/2022 13:43
137,https://t.me/ChanelVIP20,0,,neutral,"دعبيد، شيران، فاراك، وتوسم",17952,1,4/16/2022 05:42
906,https://t.me/NoavaranAmin,1,buy,positive,رانفور,541,1,6/27/2022 13:13
1162,sahamyab,0,,,,70,1,6/6/2022 03:46
1163,sahamyab,0,,,,66,1,6/6/2022 03:46
1419,topsignalexchange,0,,,,2463,1,5/25/2022 07:25
909,https://t.me/NoavaranAmin,1,buy,positive,فاما,493,1,6/27/2022 12:55
1677,vipmosbat5,0,,,کالا,591,1,6/12/2022 09:50
1166,sahamyab,1,buy,,شوینده,249,1,6/5/2022 05:07
1167,sahamyab,0,,,,177,1,6/5/2022 04:51
1679,vipmosbat5,0,,,بورس,564,1,6/12/2022 09:40
144,https://t.me/ChanelVIP20,1,buy,positive,وساپا,17496,1,4/16/2022 04:38
1168,sahamyab,0,,,,167,1,6/5/2022 04:51
145,https://t.me/ChanelVIP20,1,buy,positive,خگستر,11664,1,4/16/2022 04:38
1169,sahamyab,0,,,شفا,231,1,6/4/2022 18:17
1426,topsignalexchange,1,,,اخابر,2391,1,5/25/2022 06:30
1429,topsignalexchange,1,buy,,,2361,1,5/25/2022 05:14
1175,sahamyab,1,buy,,,276,1,6/1/2022 04:09
1687,vipmosbat5,0,,,,603,1,6/12/2022 09:14
1432,topsignalexchange,1,sell,,پیزد,2307,1,5/25/2022 04:56
1689,vipmosbat5,0,,,فولاد,584,1,6/12/2022 09:02
922,https://t.me/NoavaranAmin,0,,neutral,پارس,452,1,6/27/2022 11:55
1434,topsignalexchange,1,,,,2232,1,5/25/2022 04:45
925,https://t.me/NoavaranAmin,0,,neutral,مرقام,453,1,6/27/2022 11:44
1181,sahamyab,0,,,بورس,230,1,6/3/2022 08:29
1438,topsignalexchange,1,buy,,,2343,1,5/25/2022 04:04
1695,vipmosbat5,0,,,,781,1,6/12/2022 08:46
1184,sahamyab,0,,,,220,1,6/3/2022 07:31
1696,vipmosbat5,0,,,,889,1,6/12/2022 08:44
1185,sahamyab,0,,,,230,1,6/2/2022 18:55
1697,vipmosbat5,0,,,بورس,982,1,6/11/2022 20:21
1187,sahamyab,0,,,غنوش,237,1,6/1/2022 20:10
1702,vipmosbat5,0,,,بورس,814,1,6/11/2022 19:27
1192,sahamyab,0,,,غنوش,226,1,6/1/2022 19:37
1704,vipmosbat5,0,,,دیران,1093,1,6/11/2022 19:18
1195,sahamyab,1,buy,,,261,1,5/31/2022 18:27
1451,topsignalexchange,0,,,فروس,2431,1,5/24/2022 04:39
1710,vipmosbat5,0,,,,959,1,6/11/2022 05:59
1455,topsignalexchange,0,,,,2550,1,5/23/2022 05:51
1200,topsignalexchange,1,buy,,,2281,1,6/19/2022 05:28
1456,topsignalexchange,1,,,کسرا,2558,1,5/23/2022 05:21
1457,topsignalexchange,0,,,,2532,1,5/23/2022 05:07
1202,topsignalexchange,0,,,,2256,1,6/19/2022 04:22
1204,topsignalexchange,0,,,,2332,1,6/18/2022 05:22
1461,topsignalexchange,1,buy,,,2503,1,5/22/2022 14:56
1210,sahamyab,0,,,غنوش,294,1,5/29/2022 08:04
1466,topsignalexchange,1,buy,,,2520,1,5/22/2022 05:16
955,https://t.me/NoavaranAmin,1,buy,positive,فولاد,514,1,6/27/2022 07:56
1468,topsignalexchange,1,buy,,,2476,1,5/22/2022 04:39
958,https://t.me/NoavaranAmin,0,,neutral,سشرق,551,1,6/27/2022 07:43
1471,topsignalexchange,0,,,,2468,1,5/22/2022 04:12
960,https://t.me/NoavaranAmin,0,,neutral,"خراسان، غشان",577,1,6/27/2022 07:13
1472,topsignalexchange,1,sell,,غاذر,2547,1,5/22/2022 03:03
1218,sahamyab,0,,,غنوش,409,1,5/25/2022 18:43
963,https://t.me/NoavaranAmin,0,,neutral,فارس,601,1,6/27/2022 06:36
1475,topsignalexchange,0,,,,2548,1,5/21/2022 07:56
1228,sahamyab,0,,,,590,1,5/20/2022 17:20
973,https://t.me/NoavaranAmin,1,buy,positive,"آپ، پرداخت",476,1,6/27/2022 05:52
1230,sahamyab,1,buy,,غنوش,577,1,5/18/2022 11:48
1486,topsignalexchange,1,buy,,فنرژی,2838,1,5/19/2022 14:59
1232,sahamyab,0,,,شفا,450,1,5/18/2022 09:33
1488,topsignalexchange,1,buy,,شوینده,3037,1,5/18/2022 05:39
1233,sahamyab,0,,,شفا,386,1,5/18/2022 09:32
1489,topsignalexchange,0,,,پارس,3032,1,5/18/2022 05:09
1237,sahamyab,0,,,,399,1,5/17/2022 06:34
1494,topsignalexchange,0,,,پرداخت,2242,1,5/17/2022 09:34
1495,topsignalexchange,0,,,,2879,1,5/17/2022 08:21
984,https://t.me/NoavaranAmin,0,,neutral,غنوش,616,1,6/27/2022 03:37
1497,topsignalexchange,0,,,بورس,2486,1,5/17/2022 06:19
1245,sahamyab,0,,,وساپا,351,1,5/16/2022 08:37
1502,topsignalexchange,1,buy,,پلاست,2659,1,5/16/2022 06:44
1505,topsignalexchange,1,buy,,,2638,1,5/16/2022 04:43
1506,topsignalexchange,1,buy,,خودرو,2559,1,5/16/2022 04:41
1251,sahamyab,1,buy,,,332,1,5/13/2022 14:33
1507,topsignalexchange,1,buy,,,2505,1,5/16/2022 04:39
1255,sahamyab,0,,,وساپا,334,1,5/12/2022 16:26
1511,topsignalexchange,1,buy,,قشرین,2389,1,5/15/2022 07:29
1256,sahamyab,1,buy,,,335,1,5/12/2022 09:26
1513,topsignalexchange,0,,,خودرو,2587,1,5/16/2022 03:47
1260,sahamyab,0,,,غنوش,329,1,5/11/2022 07:20
1006,sahamyab,0,,,پرداخت,96,1,6/23/2022 19:46
1518,topsignalexchange,0,,,جم ,2257,1,5/15/2022 06:40
1268,sahamyab,1,buy,,شستا,371,1,5/8/2022 19:25
1527,topsignalexchange,1,,,تپکو,2032,1,5/15/2022 04:41
1036,sahamyab,0,,,,216,2,6/19/2022 03:21
1039,sahamyab,0,,,جم ,198,2,6/18/2022 19:32
1295,topsignalexchange,1,buy,,سصفها,2307,2,6/19/2022 05:29
1552,vipmosbat5,0,,,,794,2,6/23/2022 08:45
1297,topsignalexchange,1,buy,,,3031,2,6/15/2022 06:20
786,https://t.me/asiasarmayeh,0,,,,101,2,11/8/2021 21:24
1301,topsignalexchange,0,,,غدشت,2340,2,6/14/2022 07:32
281,https://t.me/grouprezabourse,0,,,,873,2,4/17/2022 07:24
1058,sahamyab,1,buy,,کپشیر,185,2,6/17/2022 18:04
1059,sahamyab,1,buy,,کپشیر,187,2,6/17/2022 17:58
1061,sahamyab,1,buy,,کپشیر,187,2,6/17/2022 17:39
1063,sahamyab,0,,,,228,2,6/16/2022 10:40
1323,topsignalexchange,0,,,,2204,2,6/12/2022 05:02
1075,sahamyab,0,,,دانا,196,2,6/14/2022 15:35
310,https://t.me/signalle_bartare_bours,0,,negative,بورس,3767,2,4/12/2022 05:38
1590,vipmosbat5,0,,,بورس,1467,2,6/18/2022 06:21
1079,sahamyab,1,buy,,حفارس,212,2,6/13/2022 10:09
1336,topsignalexchange,1,buy,,فاما,2272,2,6/8/2022 07:27
1341,topsignalexchange,0,,,,2421,2,6/7/2022 06:19
319,https://t.me/signalle_bartare_bours,1,buy,positive,لپارس,3563,2,4/11/2022 05:20
1347,topsignalexchange,0,,,فاما,2274,2,6/7/2022 05:05
329,https://t.me/signalle_bartare_bours,1,sell,neutral,"خساپا، خگستر، خودرو، شپنا، وبصادر، وبملت، وتجارت",3853,2,4/10/2022 08:31
1612,vipmosbat5,0,,,امین,761,2,6/16/2022 09:42
1613,vipmosbat5,0,,,خودرو,761,2,6/16/2022 09:40
1106,sahamyab,0,,,,256,2,5/31/2022 06:12
340,https://t.me/signalle_bartare_bours,1,sell,negative,وتجارت,3477,2,4/10/2022 04:39
858,https://t.me/NoavaranAmin,0,,neutral,فولاد,431,2,6/28/2022 06:43
1372,topsignalexchange,0,,,سپ,2442,2,6/5/2022 15:14
350,https://t.me/signalle_bartare_bours,1,buy,neutral,"خودرو، وبملت",3754,2,4/9/2022 08:22
351,https://t.me/signalle_bartare_bours,1,buy,neutral,"خاور، خبهمن، خساپا، خگستر، خودرو، شبندر، ولساپا",3650,2,4/9/2022 08:22
1379,topsignalexchange,1,sell,,,2571,2,6/1/2022 05:20
868,https://t.me/NoavaranAmin,1,buy,positive,"پارس، خمهر",447,2,6/28/2022 05:48
1125,sahamyab,0,,,شفا,244,2,6/10/2022 08:41
105,https://t.me/ChanelVIP20,1,buy,positive,شستا,17507,2,4/17/2022 07:14
618,https://t.me/asiasarmayeh,1,buy,positive,"دانا، ددام",394,2,5/15/2022 09:36
877,https://t.me/NoavaranAmin,0,,neutral,جم,440,2,6/28/2022 04:49
113,https://t.me/ChanelVIP20,0,,positive,همراه,15808,2,4/17/2022 04:46
1397,topsignalexchange,0,,,,2907,2,5/30/2022 03:20
1153,sahamyab,0,,,,216,2,6/7/2022 08:22
1413,topsignalexchange,0,,,بورس,2777,2,5/28/2022 05:21
1414,topsignalexchange,1,buy,,خنصیر,2799,2,5/28/2022 03:33
903,https://t.me/NoavaranAmin,1,buy,positive,بورس,1193,2,6/27/2022 13:58
139,https://t.me/ChanelVIP20,0,,neutral,شستا,17840,2,4/16/2022 05:15
907,https://t.me/NoavaranAmin,1,buy,positive,فولاد,531,2,6/27/2022 13:09
1675,vipmosbat5,0,,,,690,2,6/12/2022 09:51
141,https://t.me/ChanelVIP20,0,,neutral,پارسان,17699,2,4/16/2022 05:04
1165,sahamyab,0,,,,266,2,6/5/2022 07:25
1678,vipmosbat5,0,,,افق,579,2,6/12/2022 09:49
1425,topsignalexchange,1,buy,,خنصیر,2373,2,5/25/2022 06:59
1174,sahamyab,0,,,,303,2,6/1/2022 09:36
1686,vipmosbat5,0,,,خودرو,620,2,6/12/2022 09:14
921,https://t.me/NoavaranAmin,1,buy,positive,نبروج,450,2,6/27/2022 11:56
1435,topsignalexchange,1,,,,2239,2,5/25/2022 04:32
1439,topsignalexchange,1,buy,,خنصیر,2338,2,5/25/2022 03:31
1441,topsignalexchange,1,buy,,پردیس,2494,2,5/24/2022 08:50
1188,sahamyab,0,,,شفا,227,2,6/1/2022 19:45
1445,topsignalexchange,1,buy,,بجهرم,2392,2,5/24/2022 06:57
936,https://t.me/NoavaranAmin,1,buy,positive,سمازن,515,2,6/27/2022 10:48
1206,topsignalexchange,0,,,,2354,2,6/18/2022 03:50
959,https://t.me/NoavaranAmin,1,buy,positive,فسپا,577,2,6/27/2022 07:23
1229,sahamyab,0,,,شفا,527,2,5/20/2022 15:47
976,https://t.me/NoavaranAmin,1,buy,positive,پدرخش,509,2,6/27/2022 05:27
1238,sahamyab,1,buy,,غنوش,380,2,5/17/2022 06:32
1239,sahamyab,1,buy,,وتوصا,398,2,5/16/2022 08:42
1504,topsignalexchange,1,buy,,,2689,2,5/16/2022 04:48
995,https://t.me/NoavaranAmin,0,,neutral,شگل,639,2,6/26/2022 16:39
1512,topsignalexchange,1,,,غنوش,2349,2,5/15/2022 07:28
1517,topsignalexchange,1,buy,,,2254,2,5/15/2022 06:40
1529,topsignalexchange,0,,,,2108,2,5/15/2022 04:22
1296,topsignalexchange,1,buy,,,3087,3,6/15/2022 07:52
1041,sahamyab,1,buy,,ونوین,888,3,6/18/2022 19:20
1312,topsignalexchange,1,buy,,خودرو,2385,3,6/13/2022 03:08
1060,sahamyab,1,buy,,کپشیر,188,3,6/17/2022 17:45
1062,sahamyab,0,,,شفا,204,3,6/17/2022 07:10
299,https://t.me/signalle_bartare_bours,0,,neutral,بورس,4505,3,4/12/2022 09:12
305,https://t.me/signalle_bartare_bours,0,,,,3465,3,4/12/2022 07:30
315,https://t.me/signalle_bartare_bours,1,sell,neutral,"اخابر، خبهمن، خساپا، خگستر، خودرو، شبندر، شپنا، شستا، وبملت، وساپا",3771,3,4/11/2022 08:33
1086,sahamyab,0,,,جم ,205,3,6/12/2022 08:40
1346,topsignalexchange,1,buy,,,2298,3,6/7/2022 05:05
1351,topsignalexchange,0,,,فارس,2379,3,6/7/2022 02:59
1353,topsignalexchange,0,,,ملت,2259,3,6/3/2022 17:40
331,https://t.me/signalle_bartare_bours,1,buy,neutral,"خودرو، ذوب، وبشهر",3407,3,4/10/2022 08:31
1360,topsignalexchange,0,,,,2351,3,6/1/2022 04:14
1362,topsignalexchange,1,,,,2463,3,5/31/2022 06:24
1365,topsignalexchange,0,,,,2443,3,6/6/2022 06:17
1634,vipmosbat5,0,,,,888,3,6/14/2022 13:41
1636,vipmosbat5,0,,,بورس,709,3,6/14/2022 13:38
1639,vipmosbat5,0,,,,696,3,6/14/2022 13:34
876,https://t.me/NoavaranAmin,1,buy,positive,غزر,426,3,6/28/2022 04:52
878,https://t.me/NoavaranAmin,0,,neutral,غنوش,452,3,6/28/2022 04:48
1649,vipmosbat5,0,,,,1424,3,6/14/2022 05:22
1401,topsignalexchange,1,buy,,,2698,3,5/29/2022 06:23
638,https://t.me/asiasarmayeh,1,buy,positive,وبصادر,358,3,4/17/2022 08:55
133,https://t.me/ChanelVIP20,0,,neutral,خودرو,19686,3,4/16/2022 07:31
1673,vipmosbat5,0,,,,1044,3,6/11/2022 20:28
1421,topsignalexchange,0,,,,2756,3,5/25/2022 07:41
914,https://t.me/NoavaranAmin,0,,neutral,غمارگ,467,3,6/27/2022 12:18
919,https://t.me/NoavaranAmin,1,buy,positive,خساپا,485,3,6/27/2022 11:58
160,https://t.me/ChanelVIP20,0,,neutral,ما,24619,3,4/14/2022 08:59
162,https://t.me/ChanelVIP20,0,,neutral,دارو,21677,3,4/14/2022 08:59
172,https://t.me/ChanelVIP20,0,,neutral,"شبندر، شتران، فارس، فولاد، ومعادن",18673,3,4/13/2022 10:21
175,https://t.me/ChanelVIP20,0,,neutral,بورس,19845,3,4/13/2022 10:11
1201,topsignalexchange,1,sell,,,2313,3,6/19/2022 04:23
178,https://t.me/ChanelVIP20,0,,neutral,خگستر,20734,3,4/13/2022 06:10
1220,sahamyab,0,,,شفا,343,3,5/25/2022 17:00
1477,topsignalexchange,0,,,وتجارت,2630,3,5/21/2022 05:15
1479,topsignalexchange,1,buy,,غنوش,2672,3,5/21/2022 04:41
1246,sahamyab,0,,,,398,3,5/14/2022 20:02
1503,topsignalexchange,0,,,,2787,3,5/16/2022 04:49
1010,sahamyab,0,,,,154,3,6/22/2022 14:54
1270,sahamyab,1,buy,,,319,3,5/8/2022 18:09
1547,vipmosbat5,0,,,خودرو,884,4,6/23/2022 08:47
1294,topsignalexchange,1,buy,,فولاد,2190,4,6/20/2022 03:44
1304,topsignalexchange,0,,,,2221,4,6/14/2022 05:17
1564,vipmosbat5,0,,,بورس,1183,4,6/21/2022 09:01
316,https://t.me/signalle_bartare_bours,1,buy,neutral,"اخابر، خبهمن، خگستر، شبندر، شپنا، شسپا، همراه، وپارس، وساپا",3456,4,4/11/2022 08:33
1340,topsignalexchange,1,buy,,غنوش,2408,4,6/8/2022 03:52
1348,topsignalexchange,0,,,پیزد,2262,4,6/7/2022 04:49
1101,sahamyab,0,,,,586,4,6/1/2022 04:06
852,https://t.me/NoavaranAmin,1,buy,positive,شسپا,457,4,6/28/2022 07:38
602,https://t.me/asiasarmayeh,1,buy,positive,دجابر,380,4,6/20/2022 09:32
99,https://t.me/ChanelVIP20,0,,neutral,"خودرو، فارس، همراه",9154,4,4/17/2022 11:45
1646,vipmosbat5,0,,,کالا,864,4,6/14/2022 13:30
1391,topsignalexchange,1,,,,2249,4,5/31/2022 04:52
1415,topsignalexchange,0,,,,2862,4,5/26/2022 19:36
1179,sahamyab,0,,,جم ,239,4,6/3/2022 21:53
164,https://t.me/ChanelVIP20,0,,neutral,بورس,21642,4,4/14/2022 08:58
1458,topsignalexchange,0,,,,2563,4,5/23/2022 04:42
180,https://t.me/ChanelVIP20,1,buy,positive,فارس,19992,4,4/13/2022 05:29
1463,topsignalexchange,1,buy,,,2519,4,5/22/2022 07:26
1216,sahamyab,0,,,شفا,365,4,5/27/2022 10:17
1474,topsignalexchange,1,sell,,,2618,4,5/21/2022 07:56
1481,topsignalexchange,1,buy,,ثمسکن,2715,4,5/21/2022 03:40
1231,sahamyab,0,,,شفا,515,4,5/18/2022 09:37
1269,sahamyab,1,buy,,غنوش,354,4,5/8/2022 19:07
1288,topsignalexchange,1,buy,,سنیر,1663,5,6/22/2022 03:29
1289,topsignalexchange,1,buy,,آپ,1698,5,6/21/2022 15:22
1300,topsignalexchange,1,buy,,سنیر,2898,5,6/15/2022 04:11
1310,topsignalexchange,1,buy,,خاهن,2312,5,6/14/2022 03:46
298,https://t.me/signalle_bartare_bours,0,,,,4322,5,4/12/2022 11:15
1325,topsignalexchange,1,buy,,خودرو,2242,5,6/12/2022 04:06
1350,topsignalexchange,1,buy,,وپترو,2368,5,6/7/2022 03:49
126,https://t.me/ChanelVIP20,0,,neutral,بورس,21842,5,4/16/2022 12:13
1176,sahamyab,0,,,,604,5,6/1/2022 04:06
934,https://t.me/NoavaranAmin,1,buy,positive,شفن,467,5,6/27/2022 11:03
1190,sahamyab,0,,,,232,5,6/2/2022 18:37
1459,topsignalexchange,1,buy,,حپترو,2618,5,5/23/2022 03:48
1205,topsignalexchange,1,,,,2368,5,6/18/2022 04:20
1476,topsignalexchange,1,buy,,پیزد,2610,5,5/21/2022 06:03
1548,vipmosbat5,0,,,,697,6,6/23/2022 08:45
859,https://t.me/NoavaranAmin,1,buy,positive,خودرو,515,6,6/28/2022 06:39
1633,vipmosbat5,0,,,,1145,6,6/14/2022 15:42
1398,topsignalexchange,1,buy,,غگل,2921,6,5/30/2022 03:20
894,https://t.me/NoavaranAmin,1,buy,positive,شسپا,568,6,6/27/2022 16:29
1409,topsignalexchange,0,,,خودرو,2636,6,5/29/2022 03:26
1417,topsignalexchange,0,,,,2833,6,5/26/2022 08:09
1437,topsignalexchange,1,buy,,,2328,6,5/25/2022 04:12
1478,topsignalexchange,1,buy,,شوینده,2757,6,5/21/2022 05:07
1508,topsignalexchange,1,buy,,تکشا,2496,6,5/16/2022 03:18
1533,topsignalexchange,1,buy,,واتی,2383,6,5/15/2022 03:11
337,https://t.me/signalle_bartare_bours,0,,negative,لپارس,3579,7,4/10/2022 04:57
1370,topsignalexchange,1,buy,,پیزد,2498,7,6/6/2022 03:31
604,https://t.me/asiasarmayeh,1,buy,positive,"بورس، خودرو",423,7,6/17/2022 08:56
111,https://t.me/ChanelVIP20,1,buy,positive,"اخابر، همراه",16830,7,4/17/2022 04:52
385,https://t.me/signalle_bartare_bours,1,buy,positive,همراه,4670,7,4/6/2022 03:51
1703,vipmosbat5,0,,,پارس,1211,7,6/11/2022 19:25
1454,topsignalexchange,0,,,,2558,7,5/23/2022 14:26
961,https://t.me/NoavaranAmin,1,buy,positive,شبندر,637,7,6/27/2022 07:08
1491,topsignalexchange,1,buy,,خساپا,3028,7,5/18/2022 04:10
1499,topsignalexchange,1,buy,,شپلی,2665,7,5/17/2022 03:46
1342,topsignalexchange,0,,,ساوه,2492,8,6/8/2022 18:59
1374,topsignalexchange,0,,,شفا,2335,8,6/3/2022 17:52
898,https://t.me/NoavaranAmin,1,buy,positive,بترانس,598,8,6/27/2022 15:08
920,https://t.me/NoavaranAmin,1,buy,positive,فباهنر,585,8,6/27/2022 11:58
1452,topsignalexchange,1,buy,,کحافظ,2512,8,5/24/2022 02:48
1500,topsignalexchange,0,,,,3171,8,5/16/2022 13:28
1473,topsignalexchange,1,buy,,پیزد,2556,9,5/22/2022 02:40
197,https://t.me/ChanelVIP20,0,,neutral,ما,23657,9,4/12/2022 16:03
1487,topsignalexchange,0,,,بورس,3475,9,5/18/2022 11:33
520,https://t.me/Codal360_ir,0,,neutral,لابسا,4844,10,6/28/2022 09:34
558,https://t.me/Codal360_ir,1,buy,positive,ستران,6657,10,6/28/2022 07:59
574,https://t.me/Codal360_ir,1,sell,negative,فولاد,6671,10,6/28/2022 06:49
579,https://t.me/Codal360_ir,0,,neutral,وبملت,7273,10,6/28/2022 06:43
589,https://t.me/Codal360_ir,0,,negative,فارس,6967,10,6/28/2022 06:08
593,https://t.me/Codal360_ir,0,,neutral,وصنا,7576,10,6/28/2022 05:49
440,https://t.me/Codal360_ir,0,,negative,"پترول، فارس",2428,10,6/28/2022 11:29
441,https://t.me/Codal360_ir,1,buy,positive,"پترول، فارس",2426,10,6/28/2022 11:29
448,https://t.me/Codal360_ir,1,buy,positive,وخارزم,2732,10,6/28/2022 11:19
455,https://t.me/Codal360_ir,1,buy,positive,غگل,3028,10,6/28/2022 11:09
474,https://t.me/Codal360_ir,1,buy,positive,وتجارت,3637,10,6/28/2022 10:44
497,https://t.me/Codal360_ir,1,buy,positive,شمواد,4548,10,6/28/2022 10:10
500,https://t.me/Codal360_ir,1,buy,positive,بورس,4543,10,6/28/2022 10:04
166,https://t.me/ChanelVIP20,0,,neutral,بورس,28145,11,4/13/2022 15:16
167,https://t.me/ChanelVIP20,0,,negative,فولاد,22147,11,4/13/2022 14:03
1493,topsignalexchange,0,,,خودرو,2754,11,5/17/2022 09:35
480,https://t.me/Codal360_ir,1,buy,positive,ثشاهد,4552,11,6/28/2022 10:28
929,https://t.me/NoavaranAmin,1,buy,positive,"پارس، خپارس، خودرو",499,12,6/27/2022 11:18
314,https://t.me/signalle_bartare_bours,1,buy,neutral,"اخابر، شپنا، شسپا",4105,13,4/11/2022 08:33
1418,topsignalexchange,0,,,,2643,13,5/26/2022 05:58
1354,topsignalexchange,0,,,سپ,2318,14,6/3/2022 17:39
1498,topsignalexchange,1,,,,2613,14,5/17/2022 04:43
344,https://t.me/signalle_bartare_bours,0,,neutral,"بورس، لپارس، وتجارت",3537,15,4/10/2022 03:56
1644,vipmosbat5,0,,,خاور,1200,17,6/14/2022 13:47
1416,topsignalexchange,0,,,,2761,18,5/26/2022 19:33
530,https://t.me/Codal360_ir,0,,neutral,فسازان,5454,20,6/28/2022 09:18
537,https://t.me/Codal360_ir,1,buy,positive,ذوب,5759,20,6/28/2022 08:49
543,https://t.me/Codal360_ir,1,buy,positive,خودرو,6965,20,6/28/2022 08:33
509,https://t.me/Codal360_ir,1,buy,positive,شمواد,4845,20,6/28/2022 09:49
564,https://t.me/Codal360_ir,1,buy,positive,شسپا,6357,21,6/28/2022 07:38
592,https://t.me/Codal360_ir,0,,neutral,فسرب,7280,21,6/28/2022 05:58
594,https://t.me/Codal360_ir,1,buy,positive,"پارس، خمهر",8185,30,6/28/2022 05:49
1355,topsignalexchange,0,,,,3117,47,6/2/2022 11:58
1420,topsignalexchange,0,,,خودرو,3407,47,5/27/2022 18:19
559,https://t.me/Codal360_ir,1,buy,positive,"خراسان، قثابت",15486,82,6/28/2022 07:54
581,https://t.me/Codal360_ir,1,buy,positive,خودرو,15816,141,6/28/2022 06:39